ลำดับ,รหัสวิชา,วิชา,หน่วยกิต,ผู้สอน,PLOs,CLO (ไทย),CLO (Eng),K:Knowledge,S: Skill,A:Attitude
1,263-202 ,การถ่ายภาพดิจิทัลเพื่อสื่อสารการศึกษา,,ดร. ชไมพร อินทร์แก้ว,,,,,,
2,263-206 ,การออกแบบระบบการเรียนการสอนและการพัฒนาสื่อการสอนเพื่อสื่อสารการศึกษา,,ดร. ชไมพร อินทร์แก้ว,,,,,,
3,263-305 ,การฝึกอบรมและสัมมนาเพื่อพัฒนาทรัพยากรมนุษย์ในยุคเทคโนโลยีดิจิทัล,,ดร. ชไมพร อินทร์แก้ว,,,,,,
4,263-213 ,การประชาสัมพันธ์เชิงรุกยุคดิจิทัลเพื่อสื่อสารการศึกษา,,ดร. ชไมพร อินทร์แก้ว,,,,,,
5,263-312 ,โปรแกรมคอมพิวเตอร์เพื่อศิลปะการออกแบบภาพถ่ายดิจิทัลในการสื่อสารการศึกษา,,ดร. ชไมพร อินทร์แก้ว,,,,,,
6,263-403 ,วิทยาการการจัดการเรียนรู้ทางเทคโนโลยีดิจิทัลและสื่อสารการศึกษา,,ดร. ชไมพร อินทร์แก้ว,,,,,,
7,263-323 ,ชุดวิชาศิลปะการถ่ายภาพเชิงธุรกิจในยุคเทคโนโลยีดิจิทัล,,ดร. ชไมพร อินทร์แก้ว,,,,,,
8,263-204 ,เทคโนโลยีดิจิทัลและคอมพิวเตอร์เพื่อสื่อสารการศึกษา,,อาจารย์มณฑล ผลบุญ,,,,,,
9,263-207 ,การออกแบบและการจัดการระบบสารสนเทศบนเว็บเพื่อสื่อสารการศึกษา,,อาจารย์มณฑล ผลบุญ,,,,,,
10,263-303 ,ระบบเครือข่ายเพื่อสื่อสารการศึกษา,,อาจารย์มณฑล ผลบุญ,,,,,,
11,263-402 ,การวางแผนและปฏิบัติการทางเทคโนโลยีดิจิทัลและสื่อสารการศึกษา,,อาจารย์มณฑล ผลบุญ,,,,,,
12,263-311 ,การพัฒนาเกมและแอปพลิเคชันเพื่อสื่อสารการศึกษา,,อาจารย์มณฑล ผลบุญ,,,,,,
13,263-319 ,โปรแกรมหุ่นยนต์เพื่อการศึกษาเบื้องต้น,,อาจารย์มณฑล ผลบุญ,,,,,,
14,263-321 ,เทคโนโลยีดิจิทัลและอินเทอร์เน็ตของสรรพสิ่งเพื่อสื่อสารการศึกษา,,อาจารย์มณฑล ผลบุญ,,,,,,
15,263-314 ,โปรแกรมคอมพิวเตอร์ประยุกต์เพื่อสื่อสารการศึกษา,,อาจารย์มณฑล ผลบุญ,,,,,,
16,263-201 ,นวัตกรรมและเทคโนโลยีดิจิทัลเพื่อสื่อสารการศึกษา,,ผู้ช่วยศาสตราจารย์รุศดา ณัฐภาสวิรตา,,,,,,
17,263-302 ,การจัดการฐานข้อมูลเพื่อสื่อสารการศึกษา,,ผู้ช่วยศาสตราจารย์รุศดา ณัฐภาสวิรตา,,,,,,
18,263-304 ,การพัฒนาโปรแกรมบนอุปกรณ์เคลื่อนที่เพื่อการศึกษา,,ผู้ช่วยศาสตราจารย์รุศดา ณัฐภาสวิรตา,,,,,,
19,263-306 ,สัมมนาทางโครงงาน เทคโนโลยีและการสื่อสารการศึกษา,,ผู้ช่วยศาสตราจารย์รุศดา ณัฐภาสวิรตา,,,,,,
20,263-310 ,ภาวะผู้นาที่มีวิสัยทัศน์ทางนวัตกรรมเทคโนโลยีเพื่อการศึกษาและการพัฒนาทรัพยากรมนุษย์,,ผู้ช่วยศาสตราจารย์รุศดา ณัฐภาสวิรตา,,,,,,
21,263-317 ,การแพร่กระจายนวัตกรรมการศึกษา,,ผู้ช่วยศาสตราจารย์รุศดา ณัฐภาสวิรตา,,,,,,
22,263-401 ,โครงงานและวิจัยทางนวัตกรรมเทคโนโลยีและการสื่อสารการศึกษา,,ผู้ช่วยศาสตราจารย์รุศดา ณัฐภาสวิรตา,,,,,,
23,263-203 ,คณิตศาสตร์สาหรับวิทยาการคอมพิวเตอร์,,ผู้ช่วยศาสตราจารย์รุศดา ณัฐภาสวิรตา,,,,,,
24,263-208 ,การเขียนโปรแกรมคอมพิวเตอร์เพื่อสื่อสารการศึกษา 1,,ผู้ช่วยศาสตราจารย์รุศดา ณัฐภาสวิรตา,,,,,,
25,263-102 ,ดิจิทัลกราฟิกเพื่อสื่อสารการศึกษา,,ดร. องค์อร วิทยธาดา,,,,,,
26,263-205 ,ดิจิทัลมีเดียและแอนิเมชันเพื่อสื่อสารการศึกษา,,ดร. องค์อร วิทยธาดา,,,,,,
27,263-212 ,การออกแบบสื่อนำเสนอและแฟ้มสะสมงานดิจิทัลเพื่อสื่อสารการศึกษา,,ดร. องค์อร วิทยธาดา,,,,,,
28,263-307 ,การศึกษานอกสถานที่ทางนวัตกรรมเทคโนโลยีดิจิทัลและสื่อสารการศึกษา,,ดร. องค์อร วิทยธาดา,,,,,,
29,263-215 ,เทคโนโลยีความจริงเสมือน,,ดร. องค์อร วิทยธาดา,,,,,,
30,263-318 ,คอมพิวเตอร์แอนิเมชัน 3 มิติเพื่อสื่อสารการศึกษา,,ดร. องค์อร วิทยธาดา,,,,,,
31,263-214 ,ภาษาอังกฤษสาหรับเทคโนโลยีดิจิทัลและคอมพิวเตอร์,,ดร. องค์อร วิทยธาดา,,,,,,
32,263-101 ,ไฟฟ้าและอิเล็กทรอนิกส์เพื่อการใช้และบารุงรักษาอุปกรณ์ดิจิทัลและคอมพิวเตอร์,,อาจารญนาบาวี สือปา,,,,,,
33,263-201 ,นวัตกรรมและเทคโนโลยีดิจิทัลเพื่อสื่อสารการศึกษา,,อาจารญนาบาวี สือปา,,,,,,
34,263-211 ,การผลิตสิ่งพิมพ์เพื่อสื่อสารการศึกษา,,อาจารญนาบาวี สือปา,,,,,,
35,263-301 ,การผลิตรายการวิทยุกระจายเสียงและวิทยุโทรทัศน์เพื่อการสื่อสารการศึกษาด้วยระบบดิจิทัล,,อาจารญนาบาวี สือปา,,,,,,
36,263-313 ,โปรแกรมคอมพิวเตอร์เพื่อจัดการเสียงและภาพเคลื่อนไหวเพื่อสื่อสารการศึกษา,,อาจารญนาบาวี สือปา,,,,,,
37,263-316 ,การแสดงและการกากับการแสดงสาหรับวีดิทัศน์เพื่อสื่อสารการศึกษา,,อาจารญนาบาวี สือปา,,,,,,
38,263-320 ,ดิจิทัลและการออกแบบตรรกะ,,อาจารญนาบาวี สือปา,,,,,,
39,263-322 ,การเขียนโปรแกรมคอมพิวเตอร์เพื่อสื่อสารการศึกษา 2,,อาจารญนาบาวี สือปา,,,,,,